query_id,query_text,N,doc_id,title,date,link,top5_configs,relevant
1,impeachment de Dilma Rousseff,1000,508,Veja repercussão no exterior de votação de impeachment na Câmara,2016-04-17,http://www1.folha.uol.com.br/mundo/2016/04/1762013-veja-como-a-imprensa-estrangeira-esta-relatando-a-situacao-politica-no-brasil.shtml,c1|c2|c3|c4,1
1,impeachment de Dilma Rousseff,1000,580,Alckmin deve subir o tom sobre impeachment nos próximos dias,2015-09-12,http://www1.folha.uol.com.br/colunas/monicabergamo/2015/12/1716604-alckmin-deve-subir-o-tom-sobre-impeachment-nos-proximos-dias.shtml,c1|c2|c3|c4,1
1,impeachment de Dilma Rousseff,1000,958,"Mesmo elogiado por Dilma, Ciro critica governo da petista",2016-01-22,http://www1.folha.uol.com.br/poder/2016/01/1732427-mesmo-elogiado-por-dilma-ciro-critica-governo-da-petista.shtml,c1|c2|c3|c4,1
1,impeachment de Dilma Rousseff,1000,644,"CNJ deve tomar providências para excessos do Judiciário, diz Renan",2016-03-23,http://www1.folha.uol.com.br/poder/2016/03/1753288-cnj-deve-tomar-providencias-para-excessos-do-judiciario-diz-renan.shtml,c1|c2|c3|c4,1
1,impeachment de Dilma Rousseff,1000,274,"STF não pretende discutir no mérito processo de impeachment, diz Barroso",2016-03-28,http://www1.folha.uol.com.br/poder/2016/03/1754945-stf-nao-pretende-discutir-no-merito-processo-de-impeachment-diz-barroso.shtml,c1|c2|c3|c4,1
2,operação Lava Jato delação,1000,192,"'Tem muita delação mentirosa', diz Haddad ao ser questionado sobre Palocci",2017-09-29,http://www1.folha.uol.com.br/poder/2017/09/1922819-tem-muita-delacao-mentirosa-diz-haddad-ao-ser-questionado-sobre-palocci.shtml,c1|c2|c3|c4,1
2,operação Lava Jato delação,1000,859,Janot diz que suspeita de vazamento é 'especulação' e nega citações a Toffoli,2016-08-23,http://www1.folha.uol.com.br/poder/2016/08/1806138-janot-diz-que-suspeitas-de-vazamento-sao-especulacao-e-nega-haver-citacoes-a-toffoli.shtml,c1|c2|c3|c4,1
2,operação Lava Jato delação,1000,165,Defesa de Palocci entra com recurso para tentar anular delações premiadas,2016-03-02,http://www1.folha.uol.com.br/poder/2016/02/1736664-defesa-de-palocci-entra-com-recurso-para-tentar-anular-delacoes-premiadas.shtml,c1|c2|c3|c4,1
2,operação Lava Jato delação,1000,72,Conselho de Ética do Senado aprova cassação de Delcídio do Amaral,2016-03-05,http://www1.folha.uol.com.br/poder/2016/05/1767332-conselho-de-etica-do-senado-aprova-cassacao-de-delcidio-do-amaral.shtml,c1|c2|c3,1
2,operação Lava Jato delação,1000,314,Procuradoria e PF divergem quanto a modelo de delação premiada,2016-04-10,http://www1.folha.uol.com.br/poder/2016/10/1819801-procuradoria-e-pf-divergem-quanto-a-modelo-de-delacao-premiada.shtml,c1|c2|c3|c4,0
2,operação Lava Jato delação,1000,213,JBS negocia leniência e tem ex-procurador da Lava Jato na equipe,2017-05-18,http://www1.folha.uol.com.br/poder/2017/05/1885351-jbs-negocia-leniencia-e-tem-ex-procurador-da-lava-jato-na-equipe.shtml,c4,0
3,reforma da previdência,1000,59,Temer enviará reforma da Previdência ao Congresso até o fim de setembro,2016-06-09,http://www1.folha.uol.com.br/mercado/2016/09/1810770-temer-enviara-reforma-da-previdencia-ao-congresso-ate-o-fim-de-setembro.shtml,c1|c2|c3|c4,1
3,reforma da previdência,1000,917,Ministro Nelson Barbosa reforça necessidade de reforma previdenciária,2016-11-03,http://www1.folha.uol.com.br/mercado/2016/03/1748925-nelson-barbosa-reforca-necessidade-de-reforma-previdenciaria.shtml,c1|c2|c3|c4,1
3,reforma da previdência,1000,198,Nova aposentadoria de servidor pode economizar R$ 88 bilhões,2017-07-16,http://www1.folha.uol.com.br/mercado/2017/07/1901642-nova-aposentadoria-de-servidor-pode-economizar-r-88-bi.shtml,c1|c2|c3|c4,1
3,reforma da previdência,1000,417,CNI prega reforma da previdência e adoção de idade mínima,2016-04-29,http://www1.folha.uol.com.br/poder/2016/04/1766103-cni-prega-reforma-da-previdencia-e-adocao-de-idade-minima.shtml,c1|c2|c3|c4,1
3,reforma da previdência,1000,307,O Estado do mal-estar social,2017-03-17,http://www1.folha.uol.com.br/colunas/vladimirsafatle/2017/03/1867082-o-estado-do-mal-estar-social.shtml,c1|c2|c3|c4,1
4,crise hídrica em São Paulo,1000,566,"'Mudanças climáticas vieram para ficar', afirma Alckmin no interior",2015-04-02,http://www1.folha.uol.com.br/cotidiano/2015/02/1585028-mudancas-climaticas-vieram-para-ficar-afirma-alckmin-no-interior.shtml,c1|c2|c3|c4,1
4,crise hídrica em São Paulo,1000,244,Sabesp entregou 700 das 25 mil caixas-d'água prometidas para amenizar crise,2015-02-03,http://www1.folha.uol.com.br/cotidiano/2015/03/1597184-sabesp-entregou-700-das-25-mil-caixas-dagua-prometidas-para-amenizar-crise.shtml,c1|c2|c3|c4,1
4,crise hídrica em São Paulo,1000,321,Nível do Cantareira continua estável após dia quase sem chuva em SP,2015-05-03,http://www1.folha.uol.com.br/cotidiano/2015/03/1598407-nivel-do-cantareira-continua-estavel-apos-dia-quase-sem-chuva-em-sp.shtml,c1|c2|c3|c4,1
4,crise hídrica em São Paulo,1000,287,Crise política no Brasil gera pico de cobertura na imprensa dos EUA,2017-05-18,http://www1.folha.uol.com.br/poder/2017/05/1885316-crise-politica-no-brasil-gera-pico-de-cobertura-na-imprensa-dos-eua.shtml,c1|c2|c3|c4,0
4,crise hídrica em São Paulo,1000,333,"Após ser vaiada em SP, Dilma encontrará Lula em Brasília",2015-10-03,http://www1.folha.uol.com.br/poder/2015/03/1600737-apos-vaia-dilma-muda-planos-e-se-encontrara-com-lula-em-brasilia.shtml,c1|c2|c3,0
4,crise hídrica em São Paulo,1000,50,"Para Cid, combate a corrupção afasta presidente de aliados",2015-03-19,http://www1.folha.uol.com.br/poder/2015/03/1604929-para-cid-combate-a-corrupcao-afasta-presidente-de-aliados.shtml,c4,0
5,eleição municipal 2016,1000,893,"PT desiste de ter candidato a prefeito em Ribeirão Preto, terra de Palocci",2016-04-07,http://www1.folha.uol.com.br/poder/2016/07/1788387-pt-desiste-de-ter-candidato-a-prefeito-em-ribeirao-preto-terra-de-palocci.shtml,c1|c2|c3|c4,1
5,eleição municipal 2016,1000,789,"Situação é delicada para o PT, mas o partido ainda tem força, diz Haddad",2015-04-08,http://www1.folha.uol.com.br/cotidiano/2015/08/1664205-situacao-e-delicada-para-o-pt-mas-o-partido-ainda-tem-forca-diz-haddad.shtml,c1|c2|c3|c4,1
5,eleição municipal 2016,1000,59,Temer enviará reforma da Previdência ao Congresso até o fim de setembro,2016-06-09,http://www1.folha.uol.com.br/mercado/2016/09/1810770-temer-enviara-reforma-da-previdencia-ao-congresso-ate-o-fim-de-setembro.shtml,c1|c2|c3|c4,0
5,eleição municipal 2016,1000,884,"São Paulo terá 50 salas de cinema municipais até 2016, afirma Haddad",2015-02-02,http://www1.folha.uol.com.br/cotidiano/2015/02/1584067-cidade-tera-50-salas-de-cinema-municipais-ate-2016-diz-haddad.shtml,c1|c2|c3|c4,0
5,eleição municipal 2016,1000,327,"Em 2010, Temer dizia que PMDB ajudaria Dilma 'mesmo sem cargos'",2016-04-27,http://www1.folha.uol.com.br/poder/2016/04/1765175-em-2010-temer-dizia-que-pmdb-ajudaria-dilma-mesmo-sem-cargos.shtml,c1|c2|c3|c4,0
1,impeachment de Dilma Rousseff,5000,1485,Ministério Público investigará Dilma no inquérito das pedaladas,2016-02-09,http://www1.folha.uol.com.br/poder/2016/09/1809889-mp-incluira-dilma-entre-investigados-de-inquerito-das-pedaladas.shtml,c1|c2|c3|c4,1
1,impeachment de Dilma Rousseff,5000,508,Veja repercussão no exterior de votação de impeachment na Câmara,2016-04-17,http://www1.folha.uol.com.br/mundo/2016/04/1762013-veja-como-a-imprensa-estrangeira-esta-relatando-a-situacao-politica-no-brasil.shtml,c1|c2|c3|c4,1
1,impeachment de Dilma Rousseff,5000,4723,Juristas vão a Brasília dar apoio a Dilma Rousseff,2016-03-21,http://www1.folha.uol.com.br/colunas/monicabergamo/2016/03/1752365-juristas-vao-a-brasilia-dar-apoio-a-dilma-rousseff.shtml,c1|c2|c3|c4,1
1,impeachment de Dilma Rousseff,5000,3520,Advogado-geral da União avalia outras ações no Supremo,2016-04-15,http://www1.folha.uol.com.br/poder/2016/04/1761230-advogado-geral-da-uniao-avalia-outras-acoes-no-supremo.shtml,c1|c2|c3|c4,1
1,impeachment de Dilma Rousseff,5000,2037,Janaina Paschoal dá entrevistas para livro sobre impeachment de Dilma,2017-08-04,http://www1.folha.uol.com.br/colunas/monicabergamo/2017/04/1873736-janaina-paschoal-da-entrevistas-para-livro-sobre-impeachment-de-dilma.shtml,c1|c2|c3|c4,1
2,operação Lava Jato delação,5000,192,"'Tem muita delação mentirosa', diz Haddad ao ser questionado sobre Palocci",2017-09-29,http://www1.folha.uol.com.br/poder/2017/09/1922819-tem-muita-delacao-mentirosa-diz-haddad-ao-ser-questionado-sobre-palocci.shtml,c1|c2|c3|c4,1
2,operação Lava Jato delação,5000,1473,Odebrecht avança na decisão de negociar delação para executivos,2016-09-03,http://www1.folha.uol.com.br/poder/2016/03/1747856-odebrecht-avanca-na-decisao-de-negociar-delacao-para-executivos.shtml,c1|c2|c3|c4,1
2,operação Lava Jato delação,5000,4569,"Lava Jato cria processo stalinista, diz advogado",2016-05-01,http://www1.folha.uol.com.br/poder/2016/01/1725815-lava-jato-cria-processo-stalinista-diz-advogado.shtml,c1|c2|c3|c4,1
2,operação Lava Jato delação,5000,4717,Líder do governo recua e diz que não quer acabar com a Lava Jato,2016-11-17,http://www1.folha.uol.com.br/poder/2016/11/1833182-lider-do-governo-recua-e-diz-que-nao-quer-acabar-com-a-lava-jato.shtml,c1|c2|c3|c4,1
2,operação Lava Jato delação,5000,1569,"Ninguém se preocupava com Lava Jato até prisão de executivos, diz operador",2015-06-03,http://www1.folha.uol.com.br/poder/2015/03/1599175-ninguem-se-preocupava-com-lava-jato-ate-prisao-de-executivo-diz-operador.shtml,c1|c2|c3,1
2,operação Lava Jato delação,5000,1225,Delcídio diz ao STF que está sofrendo de insônia e angústia,2016-03-22,http://www1.folha.uol.com.br/poder/2016/03/1752815-delcidio-diz-ao-stf-que-esta-sofrendo-de-insonia-e-angustia.shtml,c4,1
3,reforma da previdência,5000,2447,Secretário da Previdência admite risco de atrasos na votação da reforma,2017-05-19,http://www1.folha.uol.com.br/mercado/2017/05/1885508-continuo-trabalhando-para-aprovar-a-reforma-diz-secretario-da-previdencia.shtml,c1|c2|c3|c4,1
3,reforma da previdência,5000,4008,"Não mudou nem vai mudar nada, diz relator sobre reforma da Previdência",2017-04-25,http://www1.folha.uol.com.br/mercado/2017/04/1878540-nao-mudou-nem-vai-mudar-nada-diz-relator-sobre-reforma-da-previdencia.shtml,c1|c2|c3|c4,1
3,reforma da previdência,5000,1703,Reformas de Temer estão inviabilizadas,2017-04-04,http://www1.folha.uol.com.br/colunas/vanessa-grazziotin/2017/04/1872465-reformas-de-temer-estao-inviabilizadas.shtml,c1|c2|c3|c4,1
3,reforma da previdência,5000,1002,"Reforma da Previdência deveria mudar reajuste, afirma especialista",2016-03-02,http://www1.folha.uol.com.br/mercado/2016/02/1736417-reforma-da-previdencia-deveria-mudar-reajuste-afirma-economista.shtml,c1|c2|c3|c4,1
3,reforma da previdência,5000,917,Ministro Nelson Barbosa reforça necessidade de reforma previdenciária,2016-11-03,http://www1.folha.uol.com.br/mercado/2016/03/1748925-nelson-barbosa-reforca-necessidade-de-reforma-previdenciaria.shtml,c1|c2|c3,1
3,reforma da previdência,5000,59,Temer enviará reforma da Previdência ao Congresso até o fim de setembro,2016-06-09,http://www1.folha.uol.com.br/mercado/2016/09/1810770-temer-enviara-reforma-da-previdencia-ao-congresso-ate-o-fim-de-setembro.shtml,c4,1
4,crise hídrica em São Paulo,5000,4040,Leitor diz que crise hídrica é responsável pela inflação em 2015,2016-01-15,http://www1.folha.uol.com.br/paineldoleitor/2016/01/1729742-leitor-diz-que-crise-hidrica-e-responsavel-pela-inflacao-em-2015.shtml,c1|c2|c3|c4,1
4,crise hídrica em São Paulo,5000,3130,Alalaô: Crise da água inspira canções dos blocos de rua de SP,2015-03-02,http://www1.folha.uol.com.br/cotidiano/2015/02/1584491-alalao-crise-da-agua-inspira-cancoes-dos-blocos-de-rua-de-sp.shtml,c1|c2|c3|c4,1
4,crise hídrica em São Paulo,5000,3418,Lucro da Sabesp dobra com fim do bônus e maior consumo de água,2016-08-13,http://www1.folha.uol.com.br/cotidiano/2016/08/1802543-lucro-da-sabesp-dobra-com-fim-do-bonus-e-maior-consumo-de-agua.shtml,c1|c2|c3|c4,1
4,crise hídrica em São Paulo,5000,1243,Painel FC: Governo e FPF farão campanha contra desperdício de água no Paulista,2015-09-02,http://www1.folha.uol.com.br/esporte/2015/02/1587255-painel-fc-governo-e-fpf-farao-campanha-contra-desperdicio-de-agua-no-paulista.shtml,c1|c2|c3|c4,1
4,crise hídrica em São Paulo,5000,2188,Grupo fecha pista da Consolação em ato contra a crise hídrica em SP,2015-11-02,http://www1.folha.uol.com.br/cotidiano/2015/02/1588702-grupo-fecha-pista-da-consolacao-em-ato-contra-a-crise-hidrica-em-sp.shtml,c1|c2|c3|c4,1
5,eleição municipal 2016,5000,893,"PT desiste de ter candidato a prefeito em Ribeirão Preto, terra de Palocci",2016-04-07,http://www1.folha.uol.com.br/poder/2016/07/1788387-pt-desiste-de-ter-candidato-a-prefeito-em-ribeirao-preto-terra-de-palocci.shtml,c1|c2|c3|c4,
5,eleição municipal 2016,5000,4760,"Aliado a Paes, Romário elogia preparação para a Olimpíada",2015-01-22,http://www1.folha.uol.com.br/poder/2015/01/1579017-aliado-a-paes-romario-elogia-preparacao-para-a-olimpiada.shtml,c1|c2|c3|c4,
5,eleição municipal 2016,5000,3629,"Ainda não decidi, diz ministro sobre participar de eleição do PMDB",2016-02-16,http://www1.folha.uol.com.br/poder/2016/02/1740057-ainda-nao-decidi-diz-ministro-sobre-participar-de-eleicao-do-pmdb.shtml,c1|c2|c3|c4,
5,eleição municipal 2016,5000,789,"Situação é delicada para o PT, mas o partido ainda tem força, diz Haddad",2015-04-08,http://www1.folha.uol.com.br/cotidiano/2015/08/1664205-situacao-e-delicada-para-o-pt-mas-o-partido-ainda-tem-forca-diz-haddad.shtml,c1|c2|c3|c4,
5,eleição municipal 2016,5000,2807,A derrocada do PT,2016-04-10,http://www1.folha.uol.com.br/opiniao/2016/10/1819546-a-derrocada-do-pt.shtml,c1|c2|c3,
5,eleição municipal 2016,5000,3119,"Se eleição fosse hoje, Rio não seria escolhido para sediar Jogos; assista",2015-08-22,http://www1.folha.uol.com.br/tv/tvfolhaaovivo/2015/08/1672239-se-eleicao-fosse-hoje-rio-nao-seria-escolhido-para-sediar-jogos-assista.shtml,c4,
1,impeachment de Dilma Rousseff,10000,1485,Ministério Público investigará Dilma no inquérito das pedaladas,2016-02-09,http://www1.folha.uol.com.br/poder/2016/09/1809889-mp-incluira-dilma-entre-investigados-de-inquerito-das-pedaladas.shtml,c1|c2|c3|c4,
1,impeachment de Dilma Rousseff,10000,508,Veja repercussão no exterior de votação de impeachment na Câmara,2016-04-17,http://www1.folha.uol.com.br/mundo/2016/04/1762013-veja-como-a-imprensa-estrangeira-esta-relatando-a-situacao-politica-no-brasil.shtml,c1|c2|c3|c4,
1,impeachment de Dilma Rousseff,10000,7420,"Com impeachment, país não merece confiança de investidores, diz Cardozo",2016-09-05,http://www1.folha.uol.com.br/poder/2016/05/1769404-com-impeachment-pais-nao-merece-confianca-de-investidores-diz-cardozo.shtml,c1|c2|c3|c4,
1,impeachment de Dilma Rousseff,10000,5879,Comissão do impeachment ouvirá defesa de Dilma na próxima sexta,2016-04-26,http://www1.folha.uol.com.br/poder/2016/04/1764798-comissao-do-impeachment-ouvira-defesa-de-dilma-na-proxima-sexta.shtml,c1|c2|c3|c4,
1,impeachment de Dilma Rousseff,10000,9823,Planalto agora teme que decisão de ministro do STF acelere impeachment,2016-05-04,http://www1.folha.uol.com.br/poder/2016/04/1757656-para-planalto-decisao-de-mello-facilita-acordo-para-barrar-impeachment.shtml,c1|c2|c3|c4,
2,operação Lava Jato delação,10000,192,"'Tem muita delação mentirosa', diz Haddad ao ser questionado sobre Palocci",2017-09-29,http://www1.folha.uol.com.br/poder/2017/09/1922819-tem-muita-delacao-mentirosa-diz-haddad-ao-ser-questionado-sobre-palocci.shtml,c1|c2|c3|c4,
2,operação Lava Jato delação,10000,1473,Odebrecht avança na decisão de negociar delação para executivos,2016-09-03,http://www1.folha.uol.com.br/poder/2016/03/1747856-odebrecht-avanca-na-decisao-de-negociar-delacao-para-executivos.shtml,c1|c2|c3|c4,
2,operação Lava Jato delação,10000,4569,"Lava Jato cria processo stalinista, diz advogado",2016-05-01,http://www1.folha.uol.com.br/poder/2016/01/1725815-lava-jato-cria-processo-stalinista-diz-advogado.shtml,c1|c2|c3|c4,
2,operação Lava Jato delação,10000,4992,"Sob pressão na CPI da Petrobras, advogada deixa clientes na Lava Jato",2015-07-22,http://www1.folha.uol.com.br/poder/2015/07/1658943-advogada-de-delatores-da-lava-jato-decide-renunciar-a-todos-os-clientes.shtml,c1|c2|c3|c4,
2,operação Lava Jato delação,10000,8997,"Procuradoria pede ao STF inquérito para investigar Sarney, Jucá e Renan",2017-06-02,http://www1.folha.uol.com.br/poder/2017/02/1856366-pgr-pede-abertura-de-inquerito-contra-sarney-juca-e-renan.shtml,c1|c2|c3|c4,
3,reforma da previdência,10000,6204,"Sem reforma da Previdência, Brasil paralisa em 7 anos, diz Temer",2017-03-29,http://www1.folha.uol.com.br/mercado/2017/03/1870754-sem-reforma-da-previdencia-brasil-paralisa-em-7-anos-diz-temer.shtml,c1|c2|c3|c4,
3,reforma da previdência,10000,5184,Novo ministro da Previdência pode dificultar reforma,2015-06-10,http://www1.folha.uol.com.br/poder/2015/10/1690589-novo-ministro-da-previdencia-pode-dificultar-reforma.shtml,c1|c2|c3|c4,
3,reforma da previdência,10000,2447,Secretário da Previdência admite risco de atrasos na votação da reforma,2017-05-19,http://www1.folha.uol.com.br/mercado/2017/05/1885508-continuo-trabalhando-para-aprovar-a-reforma-diz-secretario-da-previdencia.shtml,c1|c2|c3|c4,
3,reforma da previdência,10000,4008,"Não mudou nem vai mudar nada, diz relator sobre reforma da Previdência",2017-04-25,http://www1.folha.uol.com.br/mercado/2017/04/1878540-nao-mudou-nem-vai-mudar-nada-diz-relator-sobre-reforma-da-previdencia.shtml,c1|c2|c3|c4,
3,reforma da previdência,10000,8277,"'Não está fácil', diz ministro sobre convencer PRB a apoiar reforma",2017-09-05,http://www1.folha.uol.com.br/mercado/2017/05/1882426-nao-esta-facil-diz-ministro-sobre-convencer-prb-a-apoiar-reforma.shtml,c1|c2|c3|c4,
4,crise hídrica em São Paulo,10000,4040,Leitor diz que crise hídrica é responsável pela inflação em 2015,2016-01-15,http://www1.folha.uol.com.br/paineldoleitor/2016/01/1729742-leitor-diz-que-crise-hidrica-e-responsavel-pela-inflacao-em-2015.shtml,c1|c2|c3|c4,
4,crise hídrica em São Paulo,10000,3130,Alalaô: Crise da água inspira canções dos blocos de rua de SP,2015-03-02,http://www1.folha.uol.com.br/cotidiano/2015/02/1584491-alalao-crise-da-agua-inspira-cancoes-dos-blocos-de-rua-de-sp.shtml,c1|c2|c3|c4,
4,crise hídrica em São Paulo,10000,3418,Lucro da Sabesp dobra com fim do bônus e maior consumo de água,2016-08-13,http://www1.folha.uol.com.br/cotidiano/2016/08/1802543-lucro-da-sabesp-dobra-com-fim-do-bonus-e-maior-consumo-de-agua.shtml,c1|c2|c3|c4,
4,crise hídrica em São Paulo,10000,8516,Não mandem Alckmin para Marte!,2015-09-28,http://www1.folha.uol.com.br/colunas/marcosaugustogoncalves/2015/09/1687511-nao-mandem-alckmin-para-marte.shtml,c1|c2|c3|c4,
4,crise hídrica em São Paulo,10000,7853,"Devido à crise hídrica, Carnaval deste ano em São Paulo deve ser cancelado? Sim",2015-07-02,http://www1.folha.uol.com.br/opiniao/2015/02/1586363-devido-a-crise-hidrica-carnaval-deste-ano-em-sao-paulo-deve-ser-cancelado.shtml,c1|c2|c3,
4,crise hídrica em São Paulo,10000,2188,Grupo fecha pista da Consolação em ato contra a crise hídrica em SP,2015-11-02,http://www1.folha.uol.com.br/cotidiano/2015/02/1588702-grupo-fecha-pista-da-consolacao-em-ato-contra-a-crise-hidrica-em-sp.shtml,c4,
5,eleição municipal 2016,10000,893,"PT desiste de ter candidato a prefeito em Ribeirão Preto, terra de Palocci",2016-04-07,http://www1.folha.uol.com.br/poder/2016/07/1788387-pt-desiste-de-ter-candidato-a-prefeito-em-ribeirao-preto-terra-de-palocci.shtml,c1|c2|c3|c4,
5,eleição municipal 2016,10000,4760,"Aliado a Paes, Romário elogia preparação para a Olimpíada",2015-01-22,http://www1.folha.uol.com.br/poder/2015/01/1579017-aliado-a-paes-romario-elogia-preparacao-para-a-olimpiada.shtml,c1|c2|c3|c4,
5,eleição municipal 2016,10000,9857,Tucano usa verba de gabinete para fazer jornal com críticas a Haddad,2015-05-19,http://www1.folha.uol.com.br/poder/2015/05/1630764-pre-candidato-do-psdb-distribui-material-com-criticas-a-haddad.shtml,c1|c2|c3|c4,
5,eleição municipal 2016,10000,9653,"Para Haddad, eleição na capital paulista vai ditar os rumos da política brasileira a partir de 2016",2016-07-09,http://www1.folha.uol.com.br/poder/eleicoes-2016/2016/09/1811002-para-haddad-eleicao-na-capital-paulista-vai-ditar-os-rumos-da-politica-brasileira-a-partir-de-2016.shtml,c1|c2|c3|c4,
5,eleição municipal 2016,10000,9559,Senado aprova voto distrital para eleição de vereadores,2015-04-22,http://www1.folha.uol.com.br/poder/2015/04/1619646-senado-aprova-voto-distrital-para-eleicao-de-vereadores.shtml,c1|c2|c3|c4,
1,impeachment de Dilma Rousseff,25000,11972,"Está difícil para nós e está difícil para eles, diz Rui Falcão",2016-04-17,http://www1.folha.uol.com.br/poder/2016/04/1762066-esta-dificil-para-nos-e-esta-dificil-para-eles-diz-rui-falcao.shtml,c1|c2|c3|c4,
1,impeachment de Dilma Rousseff,25000,16659,Líder do PMDB exclui contrários a Dilma de comissão de impeachment,2015-07-12,http://www1.folha.uol.com.br/poder/2015/12/1716210-lider-do-pmdb-exclui-contrarios-a-dilma-de-comissao-de-impeachment.shtml,c1|c2|c3|c4,
1,impeachment de Dilma Rousseff,25000,11918,Relembre a tramitação do impeachment de Dilma Rousseff,2016-08-31,http://www1.folha.uol.com.br/asmais/2016/08/1808752-relembre-a-tramitacao-do-impeachment-de-dilma-rousseff.shtml,c1|c2|c3|c4,
1,impeachment de Dilma Rousseff,25000,1485,Ministério Público investigará Dilma no inquérito das pedaladas,2016-02-09,http://www1.folha.uol.com.br/poder/2016/09/1809889-mp-incluira-dilma-entre-investigados-de-inquerito-das-pedaladas.shtml,c1|c2|c3|c4,
1,impeachment de Dilma Rousseff,25000,20233,Dilma decide ir ao Senado para fazer sua defesa contra impeachment,2016-08-17,http://www1.folha.uol.com.br/poder/2016/08/1803913-dilma-decide-ir-ao-senado-para-fazer-sua-defesa-contra-impeachment.shtml,c1|c2|c3|c4,
2,operação Lava Jato delação,25000,16475,"Operação corre risco desde o primeiro dia, diz procurador da Lava Jato",2016-07-07,http://www1.folha.uol.com.br/poder/2016/07/1789582-operacao-corre-risco-desde-o-primeiro-dia-diz-procurador-da-lava-jato.shtml,c1|c2|c3|c4,
2,operação Lava Jato delação,25000,18636,PF se opõe a novas delações premiadas na Lava Jato,2016-04-10,http://www1.folha.uol.com.br/poder/2016/10/1819588-pf-se-opoe-a-novas-delacoes-premiadas-na-lava-jato.shtml,c1|c2|c3|c4,
2,operação Lava Jato delação,25000,12883,Cerveró amplia delação na Lava Jato e envolve ex-governador de MT,2017-01-26,http://www1.folha.uol.com.br/poder/2017/01/1853254-cervero-amplia-delacao-na-lava-jato-e-envolve-ex-governador-do-mt.shtml,c1|c2|c3|c4,
2,operação Lava Jato delação,25000,21583,"Preso na Operação Lava Jato, Pedro Corrêa é transferido para Curitiba",2015-04-13,http://www1.folha.uol.com.br/poder/2015/04/1615954-preso-na-operacao-lava-jato-pedro-correa-e-transferido-para-curitiba.shtml,c1|c2|c3|c4,
2,operação Lava Jato delação,25000,13091,Dilma faz reunião de emergência para discutir Lula e Lava Jato,2016-04-03,http://www1.folha.uol.com.br/poder/2016/03/1746256-dilma-se-reune-com-ministros-para-discutir-operacao-contra-lula.shtml,c1|c2|c3,
2,operação Lava Jato delação,25000,18367,"Tesoureiro do PT pediu R$ 10 mi em forma de doação legal, diz delator",2015-03-16,http://www1.folha.uol.com.br/poder/2015/03/1603840-tesoureiro-do-pt-pediu-propina-de-r-10-mi-em-forma-de-doacao-legal-diz-delator.shtml,c4,
3,reforma da previdência,25000,21147,"Reforma da Previdência pode garantir selo de bom pagador, diz Padilha",2017-02-15,http://www1.folha.uol.com.br/mercado/2017/02/1858994-reforma-da-previdencia-pode-garantir-selo-de-bom-pagador-diz-padilha.shtml,c1|c2|c3|c4,
3,reforma da previdência,25000,24838,Temer tira da reforma 70% dos funcionários públicos,2017-03-23,http://www1.folha.uol.com.br/mercado/2017/03/1869079-temer-tira-da-reforma-70-dos-funcionarios.shtml,c1|c2|c3|c4,
3,reforma da previdência,25000,18524,Reforma da Previdência já tramita na Câmara como PEC 287,2016-06-12,http://www1.folha.uol.com.br/mercado/2016/12/1838774-reforma-da-previdencia-ja-tramita-na-camara-como-pec-287.shtml,c1|c2|c3|c4,
3,reforma da previdência,25000,6204,"Sem reforma da Previdência, Brasil paralisa em 7 anos, diz Temer",2017-03-29,http://www1.folha.uol.com.br/mercado/2017/03/1870754-sem-reforma-da-previdencia-brasil-paralisa-em-7-anos-diz-temer.shtml,c1|c2|c3|c4,
3,reforma da previdência,25000,16596,"'Se reforma da Previdência não sair, tchau, Bolsa Família', diz PMDB",2017-03-03,http://www1.folha.uol.com.br/mercado/2017/03/1863455-se-reforma-da-previdencia-nao-sair-tchau-bolsa-familia-diz-pmdb.shtml,c1|c2|c3|c4,
4,crise hídrica em São Paulo,25000,4040,Leitor diz que crise hídrica é responsável pela inflação em 2015,2016-01-15,http://www1.folha.uol.com.br/paineldoleitor/2016/01/1729742-leitor-diz-que-crise-hidrica-e-responsavel-pela-inflacao-em-2015.shtml,c1|c2|c3|c4,
4,crise hídrica em São Paulo,25000,12193,"Para 48%, Alckmin faz gestão ruim ou péssima da crise hídrica em SP",2015-04-11,http://www1.folha.uol.com.br/cotidiano/2015/11/1701915-para-48-alckmin-faz-gestao-ruim-ou-pessima-da-crise-hidrica-em-sp.shtml,c1|c2|c3|c4,
4,crise hídrica em São Paulo,25000,3130,Alalaô: Crise da água inspira canções dos blocos de rua de SP,2015-03-02,http://www1.folha.uol.com.br/cotidiano/2015/02/1584491-alalao-crise-da-agua-inspira-cancoes-dos-blocos-de-rua-de-sp.shtml,c1|c2|c3|c4,
4,crise hídrica em São Paulo,25000,3418,Lucro da Sabesp dobra com fim do bônus e maior consumo de água,2016-08-13,http://www1.folha.uol.com.br/cotidiano/2016/08/1802543-lucro-da-sabesp-dobra-com-fim-do-bonus-e-maior-consumo-de-agua.shtml,c1|c2|c3|c4,
4,crise hídrica em São Paulo,25000,19283,Filme relaciona o novo Código Florestal à atual crise hídrica,2015-03-14,http://www1.folha.uol.com.br/cotidiano/2015/03/1602832-filme-relaciona-o-novo-codigo-florestal-a-atual-crise-hidrica.shtml,c1|c2|c3|c4,
5,eleição municipal 2016,25000,893,"PT desiste de ter candidato a prefeito em Ribeirão Preto, terra de Palocci",2016-04-07,http://www1.folha.uol.com.br/poder/2016/07/1788387-pt-desiste-de-ter-candidato-a-prefeito-em-ribeirao-preto-terra-de-palocci.shtml,c1|c2|c3|c4,
5,eleição municipal 2016,25000,20222,Editorial: O PT se esvazia,2015-05-26,http://www1.folha.uol.com.br/opiniao/2015/05/1633591-editorial-o-pt-se-esvazia.shtml,c1|c2|c3|c4,
5,eleição municipal 2016,25000,4760,"Aliado a Paes, Romário elogia preparação para a Olimpíada",2015-01-22,http://www1.folha.uol.com.br/poder/2015/01/1579017-aliado-a-paes-romario-elogia-preparacao-para-a-olimpiada.shtml,c1|c2|c3|c4,
5,eleição municipal 2016,25000,23146,"'O candidato do PSDB à prefeitura é o do Alckmin', diz Mario Covas Neto",2015-01-11,http://www1.folha.uol.com.br/saopaulo/2015/11/1700529-o-candidato-do-psdb-a-prefeitura-e-o-do-alckmin-diz-mario-covas-neto.shtml,c1|c2|c3|c4,
5,eleição municipal 2016,25000,15384,Partido faz 'concurso' para escolher candidatos para 2018,2017-03-17,http://www1.folha.uol.com.br/poder/2017/03/1867363-partido-faz-concurso-para-escolher-candidatos-para-2018.shtml,c1|c2|c3|c4,
1,impeachment de Dilma Rousseff,50000,32779,Conheça o fundamento jurídico do impeachment de Dilma Rousseff,2016-12-05,http://www1.folha.uol.com.br/poder/2016/05/1770586-conheca-o-fundamento-juridico-do-impeachment-de-dilma-rousseff.shtml,c1|c2|c3|c4,
1,impeachment de Dilma Rousseff,50000,24958,Reveja os acontecimentos que levaram ao impeachment de Dilma Rousseff,2016-12-18,http://www1.folha.uol.com.br/cenarios-2017/2016/12/1842041-reveja-os-acontecimentos-que-levaram-ao-impeachment-de-dilma-rousseff.shtml,c1|c2|c3|c4,
1,impeachment de Dilma Rousseff,50000,11972,"Está difícil para nós e está difícil para eles, diz Rui Falcão",2016-04-17,http://www1.folha.uol.com.br/poder/2016/04/1762066-esta-dificil-para-nos-e-esta-dificil-para-eles-diz-rui-falcao.shtml,c1|c2|c3|c4,
1,impeachment de Dilma Rousseff,50000,39589,Pedido de impeachment de Dilma ocupa 11 volumes do Diário da Câmara,2016-04-13,http://www1.folha.uol.com.br/poder/2016/04/1760463-pedido-de-impeachment-de-dilma-ocupa-11-volumes-do-diario-da-camara.shtml,c1|c2|c3|c4,
1,impeachment de Dilma Rousseff,50000,16659,Líder do PMDB exclui contrários a Dilma de comissão de impeachment,2015-07-12,http://www1.folha.uol.com.br/poder/2015/12/1716210-lider-do-pmdb-exclui-contrarios-a-dilma-de-comissao-de-impeachment.shtml,c1|c2|c3|c4,
2,operação Lava Jato delação,50000,16475,"Operação corre risco desde o primeiro dia, diz procurador da Lava Jato",2016-07-07,http://www1.folha.uol.com.br/poder/2016/07/1789582-operacao-corre-risco-desde-o-primeiro-dia-diz-procurador-da-lava-jato.shtml,c1|c2|c3|c4,
2,operação Lava Jato delação,50000,34342,"Citado em delação de Delcídio, Lula se diz alvo político da Lava Jato",2016-03-03,http://www1.folha.uol.com.br/poder/2016/03/1746103-citado-em-delacao-de-delcidio-lula-se-diz-alvo-politico-da-lava-jato.shtml,c1|c2|c3|c4,
2,operação Lava Jato delação,50000,18636,PF se opõe a novas delações premiadas na Lava Jato,2016-04-10,http://www1.folha.uol.com.br/poder/2016/10/1819588-pf-se-opoe-a-novas-delacoes-premiadas-na-lava-jato.shtml,c1|c2|c3|c4,
2,operação Lava Jato delação,50000,12883,Cerveró amplia delação na Lava Jato e envolve ex-governador de MT,2017-01-26,http://www1.folha.uol.com.br/poder/2017/01/1853254-cervero-amplia-delacao-na-lava-jato-e-envolve-ex-governador-do-mt.shtml,c1|c2|c3|c4,
2,operação Lava Jato delação,50000,21583,"Preso na Operação Lava Jato, Pedro Corrêa é transferido para Curitiba",2015-04-13,http://www1.folha.uol.com.br/poder/2015/04/1615954-preso-na-operacao-lava-jato-pedro-correa-e-transferido-para-curitiba.shtml,c1|c2|c3|c4,
3,reforma da previdência,50000,21147,"Reforma da Previdência pode garantir selo de bom pagador, diz Padilha",2017-02-15,http://www1.folha.uol.com.br/mercado/2017/02/1858994-reforma-da-previdencia-pode-garantir-selo-de-bom-pagador-diz-padilha.shtml,c1|c2|c3|c4,
3,reforma da previdência,50000,24838,Temer tira da reforma 70% dos funcionários públicos,2017-03-23,http://www1.folha.uol.com.br/mercado/2017/03/1869079-temer-tira-da-reforma-70-dos-funcionarios.shtml,c1|c2|c3|c4,
3,reforma da previdência,50000,33482,"Reforma da Previdência chega ao Congresso nesta terça, anuncia Temer",2016-05-12,http://www1.folha.uol.com.br/mercado/2016/12/1838637-reforma-da-previdencia-chega-ao-congresso-nesta-terca-anuncia-temer.shtml,c1|c2|c3|c4,
3,reforma da previdência,50000,18524,Reforma da Previdência já tramita na Câmara como PEC 287,2016-06-12,http://www1.folha.uol.com.br/mercado/2016/12/1838774-reforma-da-previdencia-ja-tramita-na-camara-como-pec-287.shtml,c1|c2|c3|c4,
3,reforma da previdência,50000,38150,Padilha diz que reforma da Previdência de Temer será 'dura',2016-08-11,http://www1.folha.uol.com.br/mercado/2016/11/1830371-congresso-quer-mudar-previdencia-no-proximo-semestre-diz-padrilha.shtml,c1|c2|c3|c4,
4,crise hídrica em São Paulo,50000,40669,Crise hídrica faz agência adiar decisão sobre retirada de água do Cantareira,2015-10-20,http://www1.folha.uol.com.br/cotidiano/2015/10/1696157-crise-hidrica-adia-para-2017-nova-autorizacao-para-abastecer-cantareira.shtml,c1|c2|c3|c4,
4,crise hídrica em São Paulo,50000,30134,Folha realiza debate em São Paulo sobre a crise hídrica na próxima terça,2015-03-25,http://www1.folha.uol.com.br/cotidiano/2015/03/1607693-folha-realiza-debate-em-sao-paulo-sobre-a-crise-hidrica-na-proxima-terca.shtml,c1|c2|c3|c4,
4,crise hídrica em São Paulo,50000,4040,Leitor diz que crise hídrica é responsável pela inflação em 2015,2016-01-15,http://www1.folha.uol.com.br/paineldoleitor/2016/01/1729742-leitor-diz-que-crise-hidrica-e-responsavel-pela-inflacao-em-2015.shtml,c1|c2|c3|c4,
4,crise hídrica em São Paulo,50000,12193,"Para 48%, Alckmin faz gestão ruim ou péssima da crise hídrica em SP",2015-04-11,http://www1.folha.uol.com.br/cotidiano/2015/11/1701915-para-48-alckmin-faz-gestao-ruim-ou-pessima-da-crise-hidrica-em-sp.shtml,c1|c2|c3|c4,
4,crise hídrica em São Paulo,50000,34347,"'Seguimos no limite', diz especialista em crise hídrica sobre represas de SP",2017-03-22,http://www1.folha.uol.com.br/cotidiano/2017/03/1868198-seguimos-no-limite-diz-especialista-em-crise-hidrica-sobre-represas-de-sp.shtml,c1|c2|c3|c4,
5,eleição municipal 2016,50000,36482,PSB oficializa apoio a Doria e PSDB fala em aliança para mudar o Brasil,2016-06-13,http://www1.folha.uol.com.br/poder/2016/06/1781173-psb-oficializa-apoio-a-doria-e-psdb-fala-em-alianca-para-mudar-o-brasil.shtml,c1|c2|c3|c4,
5,eleição municipal 2016,50000,25647,PMDB quer revisão de acordo com Haddad,2015-07-13,http://www1.folha.uol.com.br/poder/2015/07/1654863-pmdb-quer-revisao-de-acordo-com-haddad.shtml,c1|c2|c3|c4,
5,eleição municipal 2016,50000,31287,Haddad apela a PMDB para que Marta não seja candidata em 2016,2015-09-26,http://www1.folha.uol.com.br/poder/2015/09/1686827-haddad-apela-a-pmdb-para-que-marta-nao-seja-candidata-em-2016.shtml,c1|c2|c3|c4,
5,eleição municipal 2016,50000,893,"PT desiste de ter candidato a prefeito em Ribeirão Preto, terra de Palocci",2016-04-07,http://www1.folha.uol.com.br/poder/2016/07/1788387-pt-desiste-de-ter-candidato-a-prefeito-em-ribeirao-preto-terra-de-palocci.shtml,c1|c2|c3|c4,
5,eleição municipal 2016,50000,45090,Candidatos famosos não se elegem para Câmara Municipal de São Paulo,2016-03-10,http://www1.folha.uol.com.br/poder/eleicoes-2016/2016/10/1819238-candidatos-famosos-nao-se-elegem-para-camara-municipal-de-sao-paulo.shtml,c1|c2|c3|c4,
